fdda1532-665f-4a92-a119-7340bc122942,4f0cf3e6-8e7e-47aa-9edc-d8e417d86540,materialTemplate_to_materialSpec
94b09856-8b48-4f09-8db7-68d73a2a06c1,133a4fac-c0d7-4f20-87ec-95c79bda55bd,materialTemplate_to_materialSpec
fdda1532-665f-4a92-a119-7340bc122942,8223ad46-c6ee-4ed9-a341-81678c46243d,materialTemplate_to_materialSpec
0c6a24ff-af33-4ebb-9b84-b7940b321fce,3c804f16-94f8-402a-96df-ec449a11e527,materialTemplate_to_materialSpec
94b09856-8b48-4f09-8db7-68d73a2a06c1,d128056c-d66a-465a-8bf7-5e6d19d23803,materialTemplate_to_materialSpec
fdda1532-665f-4a92-a119-7340bc122942,da9079d4-a532-4a71-abfd-9c46a38bc0ea,materialTemplate_to_materialSpec
94b09856-8b48-4f09-8db7-68d73a2a06c1,9cb0f23f-966e-4cad-b1a6-cba1f39c6c55,materialTemplate_to_materialSpec
f1dfd5e0-8ec2-4a0e-8e3e-dec94ed1a55f,categorical_bounds 5,property_to_category
f1dfd5e0-8ec2-4a0e-8e3e-dec94ed1a55f,categorical_bounds 6,property_to_category
f1dfd5e0-8ec2-4a0e-8e3e-dec94ed1a55f,categorical_bounds 7,property_to_category
07cbf22d-5816-42a2-a505-c90518c6a426,categorical_bounds 8,property_to_category
07cbf22d-5816-42a2-a505-c90518c6a426,categorical_bounds 9,property_to_category
95f90db8-c4a1-4840-b3e6-c4d0bc220f73,categorical_bounds 10,property_to_category
95f90db8-c4a1-4840-b3e6-c4d0bc220f73,categorical_bounds 11,property_to_category
95f90db8-c4a1-4840-b3e6-c4d0bc220f73,categorical_bounds 12,property_to_category
95f90db8-c4a1-4840-b3e6-c4d0bc220f73,categorical_bounds 13,property_to_category
95f90db8-c4a1-4840-b3e6-c4d0bc220f73,categorical_bounds 14,property_to_category
95f90db8-c4a1-4840-b3e6-c4d0bc220f73,categorical_bounds 15,property_to_category
95f90db8-c4a1-4840-b3e6-c4d0bc220f73,categorical_bounds 16,property_to_category
95f90db8-c4a1-4840-b3e6-c4d0bc220f73,categorical_bounds 17,property_to_category
95f90db8-c4a1-4840-b3e6-c4d0bc220f73,categorical_bounds 18,property_to_category
95f90db8-c4a1-4840-b3e6-c4d0bc220f73,categorical_bounds 19,property_to_category
95f90db8-c4a1-4840-b3e6-c4d0bc220f73,categorical_bounds 20,property_to_category
95f90db8-c4a1-4840-b3e6-c4d0bc220f73,categorical_bounds 21,property_to_category
95f90db8-c4a1-4840-b3e6-c4d0bc220f73,categorical_bounds 22,property_to_category
95f90db8-c4a1-4840-b3e6-c4d0bc220f73,categorical_bounds 23,property_to_category
95f90db8-c4a1-4840-b3e6-c4d0bc220f73,categorical_bounds 24,property_to_category
95f90db8-c4a1-4840-b3e6-c4d0bc220f73,categorical_bounds 25,property_to_category
95f90db8-c4a1-4840-b3e6-c4d0bc220f73,categorical_bounds 26,property_to_category
95f90db8-c4a1-4840-b3e6-c4d0bc220f73,categorical_bounds 27,property_to_category
95f90db8-c4a1-4840-b3e6-c4d0bc220f73,categorical_bounds 28,property_to_category
95f90db8-c4a1-4840-b3e6-c4d0bc220f73,categorical_bounds 29,property_to_category
95f90db8-c4a1-4840-b3e6-c4d0bc220f73,categorical_bounds 30,property_to_category
95f90db8-c4a1-4840-b3e6-c4d0bc220f73,categorical_bounds 31,property_to_category
95f90db8-c4a1-4840-b3e6-c4d0bc220f73,categorical_bounds 32,property_to_category
95f90db8-c4a1-4840-b3e6-c4d0bc220f73,categorical_bounds 33,property_to_category
95f90db8-c4a1-4840-b3e6-c4d0bc220f73,categorical_bounds 34,property_to_category
95f90db8-c4a1-4840-b3e6-c4d0bc220f73,categorical_bounds 35,property_to_category
95f90db8-c4a1-4840-b3e6-c4d0bc220f73,categorical_bounds 36,property_to_category
95f90db8-c4a1-4840-b3e6-c4d0bc220f73,categorical_bounds 37,property_to_category
95f90db8-c4a1-4840-b3e6-c4d0bc220f73,categorical_bounds 38,property_to_category
95f90db8-c4a1-4840-b3e6-c4d0bc220f73,categorical_bounds 39,property_to_category
95f90db8-c4a1-4840-b3e6-c4d0bc220f73,categorical_bounds 40,property_to_category
95f90db8-c4a1-4840-b3e6-c4d0bc220f73,categorical_bounds 41,property_to_category
95f90db8-c4a1-4840-b3e6-c4d0bc220f73,categorical_bounds 42,property_to_category
95f90db8-c4a1-4840-b3e6-c4d0bc220f73,categorical_bounds 43,property_to_category
95f90db8-c4a1-4840-b3e6-c4d0bc220f73,categorical_bounds 44,property_to_category
95f90db8-c4a1-4840-b3e6-c4d0bc220f73,categorical_bounds 45,property_to_category
95f90db8-c4a1-4840-b3e6-c4d0bc220f73,categorical_bounds 46,property_to_category
95f90db8-c4a1-4840-b3e6-c4d0bc220f73,categorical_bounds 47,property_to_category
95f90db8-c4a1-4840-b3e6-c4d0bc220f73,categorical_bounds 48,property_to_category
95f90db8-c4a1-4840-b3e6-c4d0bc220f73,categorical_bounds 49,property_to_category
95f90db8-c4a1-4840-b3e6-c4d0bc220f73,categorical_bounds 50,property_to_category
95f90db8-c4a1-4840-b3e6-c4d0bc220f73,categorical_bounds 51,property_to_category
95f90db8-c4a1-4840-b3e6-c4d0bc220f73,categorical_bounds 52,property_to_category
95f90db8-c4a1-4840-b3e6-c4d0bc220f73,categorical_bounds 53,property_to_category
95f90db8-c4a1-4840-b3e6-c4d0bc220f73,categorical_bounds 54,property_to_category
95f90db8-c4a1-4840-b3e6-c4d0bc220f73,categorical_bounds 55,property_to_category
95f90db8-c4a1-4840-b3e6-c4d0bc220f73,categorical_bounds 56,property_to_category
95f90db8-c4a1-4840-b3e6-c4d0bc220f73,categorical_bounds 57,property_to_category
baaa4729-19b6-45f2-879c-1ecc9fd2f66f,categorical_bounds 58,property_to_category
baaa4729-19b6-45f2-879c-1ecc9fd2f66f,categorical_bounds 59,property_to_category
baaa4729-19b6-45f2-879c-1ecc9fd2f66f,categorical_bounds 60,property_to_category
baaa4729-19b6-45f2-879c-1ecc9fd2f66f,categorical_bounds 61,property_to_category
baaa4729-19b6-45f2-879c-1ecc9fd2f66f,categorical_bounds 62,property_to_category
227146e8-0c52-4645-bc24-effd95c75297,categorical_bounds 10,property_to_category
227146e8-0c52-4645-bc24-effd95c75297,categorical_bounds 11,property_to_category
227146e8-0c52-4645-bc24-effd95c75297,categorical_bounds 12,property_to_category
227146e8-0c52-4645-bc24-effd95c75297,categorical_bounds 13,property_to_category
227146e8-0c52-4645-bc24-effd95c75297,categorical_bounds 14,property_to_category
227146e8-0c52-4645-bc24-effd95c75297,categorical_bounds 15,property_to_category
227146e8-0c52-4645-bc24-effd95c75297,categorical_bounds 16,property_to_category
227146e8-0c52-4645-bc24-effd95c75297,categorical_bounds 17,property_to_category
227146e8-0c52-4645-bc24-effd95c75297,categorical_bounds 18,property_to_category
227146e8-0c52-4645-bc24-effd95c75297,categorical_bounds 19,property_to_category
227146e8-0c52-4645-bc24-effd95c75297,categorical_bounds 20,property_to_category
227146e8-0c52-4645-bc24-effd95c75297,categorical_bounds 21,property_to_category
227146e8-0c52-4645-bc24-effd95c75297,categorical_bounds 22,property_to_category
227146e8-0c52-4645-bc24-effd95c75297,categorical_bounds 23,property_to_category
227146e8-0c52-4645-bc24-effd95c75297,categorical_bounds 24,property_to_category
227146e8-0c52-4645-bc24-effd95c75297,categorical_bounds 25,property_to_category
227146e8-0c52-4645-bc24-effd95c75297,categorical_bounds 26,property_to_category
227146e8-0c52-4645-bc24-effd95c75297,categorical_bounds 27,property_to_category
227146e8-0c52-4645-bc24-effd95c75297,categorical_bounds 28,property_to_category
227146e8-0c52-4645-bc24-effd95c75297,categorical_bounds 29,property_to_category
227146e8-0c52-4645-bc24-effd95c75297,categorical_bounds 30,property_to_category
227146e8-0c52-4645-bc24-effd95c75297,categorical_bounds 31,property_to_category
227146e8-0c52-4645-bc24-effd95c75297,categorical_bounds 32,property_to_category
227146e8-0c52-4645-bc24-effd95c75297,categorical_bounds 33,property_to_category
227146e8-0c52-4645-bc24-effd95c75297,categorical_bounds 34,property_to_category
227146e8-0c52-4645-bc24-effd95c75297,categorical_bounds 35,property_to_category
227146e8-0c52-4645-bc24-effd95c75297,categorical_bounds 37,property_to_category
227146e8-0c52-4645-bc24-effd95c75297,categorical_bounds 38,property_to_category
227146e8-0c52-4645-bc24-effd95c75297,categorical_bounds 39,property_to_category
227146e8-0c52-4645-bc24-effd95c75297,categorical_bounds 40,property_to_category
227146e8-0c52-4645-bc24-effd95c75297,categorical_bounds 41,property_to_category
227146e8-0c52-4645-bc24-effd95c75297,categorical_bounds 42,property_to_category
227146e8-0c52-4645-bc24-effd95c75297,categorical_bounds 43,property_to_category
227146e8-0c52-4645-bc24-effd95c75297,categorical_bounds 44,property_to_category
227146e8-0c52-4645-bc24-effd95c75297,categorical_bounds 46,property_to_category
227146e8-0c52-4645-bc24-effd95c75297,categorical_bounds 47,property_to_category
227146e8-0c52-4645-bc24-effd95c75297,categorical_bounds 48,property_to_category
227146e8-0c52-4645-bc24-effd95c75297,categorical_bounds 49,property_to_category
227146e8-0c52-4645-bc24-effd95c75297,categorical_bounds 50,property_to_category
227146e8-0c52-4645-bc24-effd95c75297,categorical_bounds 51,property_to_category
227146e8-0c52-4645-bc24-effd95c75297,categorical_bounds 52,property_to_category
227146e8-0c52-4645-bc24-effd95c75297,categorical_bounds 53,property_to_category
227146e8-0c52-4645-bc24-effd95c75297,categorical_bounds 55,property_to_category
227146e8-0c52-4645-bc24-effd95c75297,categorical_bounds 56,property_to_category
227146e8-0c52-4645-bc24-effd95c75297,categorical_bounds 57,property_to_category
fa9c490d-039c-4c23-a123-8589ccd077e8,categorical_bounds 36,property_to_category
fa9c490d-039c-4c23-a123-8589ccd077e8,categorical_bounds 45,property_to_category
fa9c490d-039c-4c23-a123-8589ccd077e8,categorical_bounds 54,property_to_category
751db898-da2d-424d-abd2-6cea11fda42d,categorical_bounds 0,parameter_to_category
751db898-da2d-424d-abd2-6cea11fda42d,categorical_bounds 1,parameter_to_category
3a1fd515-0c72-4a95-ae61-ae5e9423fe0d,categorical_bounds 2,parameter_to_category
3a1fd515-0c72-4a95-ae61-ae5e9423fe0d,categorical_bounds 3,parameter_to_category
3a1fd515-0c72-4a95-ae61-ae5e9423fe0d,categorical_bounds 4,parameter_to_category
5d09b7f6-a320-4ac1-8af0-622f191aa230,categorical_bounds 63,condition_to_category
5d09b7f6-a320-4ac1-8af0-622f191aa230,categorical_bounds 64,condition_to_category
4f0cf3e6-8e7e-47aa-9edc-d8e417d86540,baaa4729-19b6-45f2-879c-1ecc9fd2f66f,materialSpec_to_propertyTemplate
4f0cf3e6-8e7e-47aa-9edc-d8e417d86540,4ffc81ff-8f93-4d58-9ff9-0e2e400be27c,materialSpec_to_propertyTemplate
4f0cf3e6-8e7e-47aa-9edc-d8e417d86540,b36df400-7b7a-4914-a88f-fff50ec3c2d1,materialSpec_to_propertyTemplate
4f0cf3e6-8e7e-47aa-9edc-d8e417d86540,227146e8-0c52-4645-bc24-effd95c75297,materialSpec_to_propertyTemplate
133a4fac-c0d7-4f20-87ec-95c79bda55bd,b36df400-7b7a-4914-a88f-fff50ec3c2d1,materialSpec_to_propertyTemplate
133a4fac-c0d7-4f20-87ec-95c79bda55bd,95f90db8-c4a1-4840-b3e6-c4d0bc220f73,materialSpec_to_propertyTemplate
8223ad46-c6ee-4ed9-a341-81678c46243d,baaa4729-19b6-45f2-879c-1ecc9fd2f66f,materialSpec_to_propertyTemplate
8223ad46-c6ee-4ed9-a341-81678c46243d,4ffc81ff-8f93-4d58-9ff9-0e2e400be27c,materialSpec_to_propertyTemplate
8223ad46-c6ee-4ed9-a341-81678c46243d,b36df400-7b7a-4914-a88f-fff50ec3c2d1,materialSpec_to_propertyTemplate
8223ad46-c6ee-4ed9-a341-81678c46243d,227146e8-0c52-4645-bc24-effd95c75297,materialSpec_to_propertyTemplate
3c804f16-94f8-402a-96df-ec449a11e527,b36df400-7b7a-4914-a88f-fff50ec3c2d1,materialSpec_to_propertyTemplate
3c804f16-94f8-402a-96df-ec449a11e527,fa9c490d-039c-4c23-a123-8589ccd077e8,materialSpec_to_propertyTemplate
3c804f16-94f8-402a-96df-ec449a11e527,f1dfd5e0-8ec2-4a0e-8e3e-dec94ed1a55f,materialSpec_to_propertyTemplate
3c804f16-94f8-402a-96df-ec449a11e527,07cbf22d-5816-42a2-a505-c90518c6a426,materialSpec_to_propertyTemplate
d128056c-d66a-465a-8bf7-5e6d19d23803,b36df400-7b7a-4914-a88f-fff50ec3c2d1,materialSpec_to_propertyTemplate
d128056c-d66a-465a-8bf7-5e6d19d23803,95f90db8-c4a1-4840-b3e6-c4d0bc220f73,materialSpec_to_propertyTemplate
da9079d4-a532-4a71-abfd-9c46a38bc0ea,baaa4729-19b6-45f2-879c-1ecc9fd2f66f,materialSpec_to_propertyTemplate
da9079d4-a532-4a71-abfd-9c46a38bc0ea,4ffc81ff-8f93-4d58-9ff9-0e2e400be27c,materialSpec_to_propertyTemplate
da9079d4-a532-4a71-abfd-9c46a38bc0ea,b36df400-7b7a-4914-a88f-fff50ec3c2d1,materialSpec_to_propertyTemplate
da9079d4-a532-4a71-abfd-9c46a38bc0ea,227146e8-0c52-4645-bc24-effd95c75297,materialSpec_to_propertyTemplate
9cb0f23f-966e-4cad-b1a6-cba1f39c6c55,b36df400-7b7a-4914-a88f-fff50ec3c2d1,materialSpec_to_propertyTemplate
9cb0f23f-966e-4cad-b1a6-cba1f39c6c55,95f90db8-c4a1-4840-b3e6-c4d0bc220f73,materialSpec_to_propertyTemplate
categorical_bounds 37,218cff4f-2246-45de-97a5-331704104a1a,category_to_ingredient
categorical_bounds 37,f9e3bca2-96e2-4116-a0a8-595db59eb7cd,category_to_ingredient
categorical_bounds 37,086c16f1-c269-4ad6-8409-5123204d6bcf,category_to_ingredient
categorical_bounds 58,30faa31c-2050-47c0-aaea-859511b9d15b,category_to_ingredient
categorical_bounds 37,30faa31c-2050-47c0-aaea-859511b9d15b,category_to_ingredient
categorical_bounds 58,4e799d9e-de7f-4217-ac37-ae8ebc628ece,category_to_ingredient
categorical_bounds 37,4e799d9e-de7f-4217-ac37-ae8ebc628ece,category_to_ingredient
categorical_bounds 58,423998f9-07c4-450c-86ce-1b55a725b79e,category_to_ingredient
categorical_bounds 37,423998f9-07c4-450c-86ce-1b55a725b79e,category_to_ingredient
218cff4f-2246-45de-97a5-331704104a1a,5d09b7f6-a320-4ac1-8af0-622f191aa230,ingredientSpec_to_conditionTemplate
218cff4f-2246-45de-97a5-331704104a1a,610596b4-9d99-4380-8b15-29c8fdef825a,ingredientSpec_to_conditionTemplate
218cff4f-2246-45de-97a5-331704104a1a,e7b5be2c-249f-42d3-8c4f-d1492f5e80bd,ingredientSpec_to_parameterTemplate
218cff4f-2246-45de-97a5-331704104a1a,3a1fd515-0c72-4a95-ae61-ae5e9423fe0d,ingredientSpec_to_parameterTemplate
f9e3bca2-96e2-4116-a0a8-595db59eb7cd,5d09b7f6-a320-4ac1-8af0-622f191aa230,ingredientSpec_to_conditionTemplate
f9e3bca2-96e2-4116-a0a8-595db59eb7cd,610596b4-9d99-4380-8b15-29c8fdef825a,ingredientSpec_to_conditionTemplate
f9e3bca2-96e2-4116-a0a8-595db59eb7cd,e7b5be2c-249f-42d3-8c4f-d1492f5e80bd,ingredientSpec_to_parameterTemplate
f9e3bca2-96e2-4116-a0a8-595db59eb7cd,3a1fd515-0c72-4a95-ae61-ae5e9423fe0d,ingredientSpec_to_parameterTemplate
086c16f1-c269-4ad6-8409-5123204d6bcf,5d09b7f6-a320-4ac1-8af0-622f191aa230,ingredientSpec_to_conditionTemplate
086c16f1-c269-4ad6-8409-5123204d6bcf,610596b4-9d99-4380-8b15-29c8fdef825a,ingredientSpec_to_conditionTemplate
086c16f1-c269-4ad6-8409-5123204d6bcf,e7b5be2c-249f-42d3-8c4f-d1492f5e80bd,ingredientSpec_to_parameterTemplate
086c16f1-c269-4ad6-8409-5123204d6bcf,fccb4824-faa3-4938-a171-16e60fd5ed60,ingredientSpec_to_parameterTemplate
086c16f1-c269-4ad6-8409-5123204d6bcf,751db898-da2d-424d-abd2-6cea11fda42d,ingredientSpec_to_parameterTemplate
086c16f1-c269-4ad6-8409-5123204d6bcf,3a1fd515-0c72-4a95-ae61-ae5e9423fe0d,ingredientSpec_to_parameterTemplate
30faa31c-2050-47c0-aaea-859511b9d15b,5d09b7f6-a320-4ac1-8af0-622f191aa230,ingredientSpec_to_conditionTemplate
30faa31c-2050-47c0-aaea-859511b9d15b,610596b4-9d99-4380-8b15-29c8fdef825a,ingredientSpec_to_conditionTemplate
30faa31c-2050-47c0-aaea-859511b9d15b,e7b5be2c-249f-42d3-8c4f-d1492f5e80bd,ingredientSpec_to_parameterTemplate
30faa31c-2050-47c0-aaea-859511b9d15b,fccb4824-faa3-4938-a171-16e60fd5ed60,ingredientSpec_to_parameterTemplate
30faa31c-2050-47c0-aaea-859511b9d15b,751db898-da2d-424d-abd2-6cea11fda42d,ingredientSpec_to_parameterTemplate
30faa31c-2050-47c0-aaea-859511b9d15b,3a1fd515-0c72-4a95-ae61-ae5e9423fe0d,ingredientSpec_to_parameterTemplate
4e799d9e-de7f-4217-ac37-ae8ebc628ece,5d09b7f6-a320-4ac1-8af0-622f191aa230,ingredientSpec_to_conditionTemplate
4e799d9e-de7f-4217-ac37-ae8ebc628ece,610596b4-9d99-4380-8b15-29c8fdef825a,ingredientSpec_to_conditionTemplate
4e799d9e-de7f-4217-ac37-ae8ebc628ece,e7b5be2c-249f-42d3-8c4f-d1492f5e80bd,ingredientSpec_to_parameterTemplate
4e799d9e-de7f-4217-ac37-ae8ebc628ece,fccb4824-faa3-4938-a171-16e60fd5ed60,ingredientSpec_to_parameterTemplate
4e799d9e-de7f-4217-ac37-ae8ebc628ece,751db898-da2d-424d-abd2-6cea11fda42d,ingredientSpec_to_parameterTemplate
4e799d9e-de7f-4217-ac37-ae8ebc628ece,3a1fd515-0c72-4a95-ae61-ae5e9423fe0d,ingredientSpec_to_parameterTemplate
423998f9-07c4-450c-86ce-1b55a725b79e,5d09b7f6-a320-4ac1-8af0-622f191aa230,ingredientSpec_to_conditionTemplate
423998f9-07c4-450c-86ce-1b55a725b79e,610596b4-9d99-4380-8b15-29c8fdef825a,ingredientSpec_to_conditionTemplate
423998f9-07c4-450c-86ce-1b55a725b79e,e7b5be2c-249f-42d3-8c4f-d1492f5e80bd,ingredientSpec_to_parameterTemplate
423998f9-07c4-450c-86ce-1b55a725b79e,fccb4824-faa3-4938-a171-16e60fd5ed60,ingredientSpec_to_parameterTemplate
423998f9-07c4-450c-86ce-1b55a725b79e,751db898-da2d-424d-abd2-6cea11fda42d,ingredientSpec_to_parameterTemplate
423998f9-07c4-450c-86ce-1b55a725b79e,3a1fd515-0c72-4a95-ae61-ae5e9423fe0d,ingredientSpec_to_parameterTemplate
categorical_bounds 2,9e0dc97a-9500-4069-84cd-c4378b475279,category_to_processSpec
categorical_bounds 1,9e0dc97a-9500-4069-84cd-c4378b475279,category_to_processSpec
categorical_bounds 0,9e0dc97a-9500-4069-84cd-c4378b475279,category_to_processSpec
categorical_bounds 2,9e0dc97a-9500-4069-84cd-c4378b475279,category_to_processSpec
categorical_bounds 1,9e0dc97a-9500-4069-84cd-c4378b475279,category_to_processSpec
categorical_bounds 0,9e0dc97a-9500-4069-84cd-c4378b475279,category_to_processSpec
categorical_bounds 2,9e0dc97a-9500-4069-84cd-c4378b475279,category_to_processSpec
categorical_bounds 1,9e0dc97a-9500-4069-84cd-c4378b475279,category_to_processSpec
categorical_bounds 0,9e0dc97a-9500-4069-84cd-c4378b475279,category_to_processSpec
categorical_bounds 63,9e0dc97a-9500-4069-84cd-c4378b475279,category_to_processSpec
categorical_bounds 63,9e0dc97a-9500-4069-84cd-c4378b475279,category_to_processSpec
categorical_bounds 63,9e0dc97a-9500-4069-84cd-c4378b475279,category_to_processSpec
categorical_bounds 63,9e0dc97a-9500-4069-84cd-c4378b475279,category_to_processSpec
68aa9679-a6db-4e73-9284-77f9e4538f2e,4f0cf3e6-8e7e-47aa-9edc-d8e417d86540,processSpec_to_materialSpec
8c18c227-968f-4a27-9986-0df952638212,133a4fac-c0d7-4f20-87ec-95c79bda55bd,processSpec_to_materialSpec
fbb84460-7284-4ea6-8c1c-35fa104d7a94,8223ad46-c6ee-4ed9-a341-81678c46243d,processSpec_to_materialSpec
fbe671fb-5bc9-4fc5-899b-480e48b1f207,3c804f16-94f8-402a-96df-ec449a11e527,processSpec_to_materialSpec
9e0dc97a-9500-4069-84cd-c4378b475279,d128056c-d66a-465a-8bf7-5e6d19d23803,processSpec_to_materialSpec
7136cade-3280-4aee-9b0f-27b92d2ab3da,da9079d4-a532-4a71-abfd-9c46a38bc0ea,processSpec_to_materialSpec
4170c9a4-f9cf-4a8b-8d11-b301d4ce40d6,9cb0f23f-966e-4cad-b1a6-cba1f39c6c55,processSpec_to_materialSpec
8223ad46-c6ee-4ed9-a341-81678c46243d,2ca38513-ff12-4b1c-8873-902e5de6313b,materialSpec_to_materialRun
d128056c-d66a-465a-8bf7-5e6d19d23803,11a472ff-f157-4004-b94c-b29adab2289b,materialSpec_to_materialRun
da9079d4-a532-4a71-abfd-9c46a38bc0ea,d56beb7d-1362-4f15-adf0-7b85b06e6a6f,materialSpec_to_materialRun
3c804f16-94f8-402a-96df-ec449a11e527,bf301c41-3e99-4348-ba3e-e7b4e5d361a7,materialSpec_to_materialRun
9cb0f23f-966e-4cad-b1a6-cba1f39c6c55,47ada67e-063f-4aee-a2dc-872cf9575a4c,materialSpec_to_materialRun
133a4fac-c0d7-4f20-87ec-95c79bda55bd,56cfcf29-1953-49bb-8847-8cf28236a2d2,materialSpec_to_materialRun
4f0cf3e6-8e7e-47aa-9edc-d8e417d86540,639ac0c1-ebf1-4a7c-a89b-8a321b63d7ee,materialSpec_to_materialRun
f9e3bca2-96e2-4116-a0a8-595db59eb7cd,010d5aeb-9458-4696-bcc9-61b137698850,ingredientSpec_to_ingredientRun
218cff4f-2246-45de-97a5-331704104a1a,66a28c35-f2f6-4afc-b640-264e0a447dd5,ingredientSpec_to_ingredientRun
086c16f1-c269-4ad6-8409-5123204d6bcf,f1a130bf-c7a7-4f9d-817c-2b2cec9fdca0,ingredientSpec_to_ingredientRun
30faa31c-2050-47c0-aaea-859511b9d15b,ef2c6b11-8d23-42c4-9715-a192680552fb,ingredientSpec_to_ingredientRun
4e799d9e-de7f-4217-ac37-ae8ebc628ece,3db0f2e6-bdb8-4ce7-9970-0588aaf9f1b4,ingredientSpec_to_ingredientRun
423998f9-07c4-450c-86ce-1b55a725b79e,a6755f37-5e0d-442c-9b0d-72ca931558ab,ingredientSpec_to_ingredientRun
565bde53-0e30-4298-a840-57ed8a8b5f17,fbb84460-7284-4ea6-8c1c-35fa104d7a94,processTemplate_to_processSpec
565bde53-0e30-4298-a840-57ed8a8b5f17,7136cade-3280-4aee-9b0f-27b92d2ab3da,processTemplate_to_processSpec
c664f9c3-ef70-4a35-8cc0-e8e735d165b0,9e0dc97a-9500-4069-84cd-c4378b475279,processTemplate_to_processSpec
c664f9c3-ef70-4a35-8cc0-e8e735d165b0,8c18c227-968f-4a27-9986-0df952638212,processTemplate_to_processSpec
565bde53-0e30-4298-a840-57ed8a8b5f17,68aa9679-a6db-4e73-9284-77f9e4538f2e,processTemplate_to_processSpec
c664f9c3-ef70-4a35-8cc0-e8e735d165b0,fbe671fb-5bc9-4fc5-899b-480e48b1f207,processTemplate_to_processSpec
37d80134-914b-43a4-8140-0471084159d2,4170c9a4-f9cf-4a8b-8d11-b301d4ce40d6,processTemplate_to_processSpec
fbb84460-7284-4ea6-8c1c-35fa104d7a94,02182e0c-949d-4124-99e0-d7af0c5c81c7,processSpec_to_processRun
8c18c227-968f-4a27-9986-0df952638212,8935fdc2-2dd9-41b7-8bb3-dcf16ad4daa2,processSpec_to_processRun
68aa9679-a6db-4e73-9284-77f9e4538f2e,12af9ebc-b68a-4f6d-b5fb-f7c77a453a49,processSpec_to_processRun
4170c9a4-f9cf-4a8b-8d11-b301d4ce40d6,41349506-1658-4fc8-98b8-eff23fdd855e,processSpec_to_processRun
fbe671fb-5bc9-4fc5-899b-480e48b1f207,72a71e69-602f-4490-94c3-67f7c8bbdd98,processSpec_to_processRun
9e0dc97a-9500-4069-84cd-c4378b475279,e005b47b-344c-49b4-aa73-8204c2744452,processSpec_to_processRun
7136cade-3280-4aee-9b0f-27b92d2ab3da,b9064169-22ce-4521-a0d8-44db203df6f1,processSpec_to_processRun
56cfcf29-1953-49bb-8847-8cf28236a2d2,010d5aeb-9458-4696-bcc9-61b137698850,materialRun_to_ingredientRun
11a472ff-f157-4004-b94c-b29adab2289b,66a28c35-f2f6-4afc-b640-264e0a447dd5,materialRun_to_ingredientRun
47ada67e-063f-4aee-a2dc-872cf9575a4c,f1a130bf-c7a7-4f9d-817c-2b2cec9fdca0,materialRun_to_ingredientRun
2ca38513-ff12-4b1c-8873-902e5de6313b,ef2c6b11-8d23-42c4-9715-a192680552fb,materialRun_to_ingredientRun
d56beb7d-1362-4f15-adf0-7b85b06e6a6f,3db0f2e6-bdb8-4ce7-9970-0588aaf9f1b4,materialRun_to_ingredientRun
639ac0c1-ebf1-4a7c-a89b-8a321b63d7ee,a6755f37-5e0d-442c-9b0d-72ca931558ab,materialRun_to_ingredientRun
010d5aeb-9458-4696-bcc9-61b137698850,5d09b7f6-a320-4ac1-8af0-622f191aa230,ingredientRun_to_conditionTemplate
010d5aeb-9458-4696-bcc9-61b137698850,610596b4-9d99-4380-8b15-29c8fdef825a,ingredientRun_to_conditionTemplate
010d5aeb-9458-4696-bcc9-61b137698850,e7b5be2c-249f-42d3-8c4f-d1492f5e80bd,ingredientRun_to_parameterTemplate
010d5aeb-9458-4696-bcc9-61b137698850,3a1fd515-0c72-4a95-ae61-ae5e9423fe0d,ingredientRun_to_parameterTemplate
66a28c35-f2f6-4afc-b640-264e0a447dd5,5d09b7f6-a320-4ac1-8af0-622f191aa230,ingredientRun_to_conditionTemplate
66a28c35-f2f6-4afc-b640-264e0a447dd5,610596b4-9d99-4380-8b15-29c8fdef825a,ingredientRun_to_conditionTemplate
66a28c35-f2f6-4afc-b640-264e0a447dd5,e7b5be2c-249f-42d3-8c4f-d1492f5e80bd,ingredientRun_to_parameterTemplate
66a28c35-f2f6-4afc-b640-264e0a447dd5,3a1fd515-0c72-4a95-ae61-ae5e9423fe0d,ingredientRun_to_parameterTemplate
f1a130bf-c7a7-4f9d-817c-2b2cec9fdca0,5d09b7f6-a320-4ac1-8af0-622f191aa230,ingredientRun_to_conditionTemplate
f1a130bf-c7a7-4f9d-817c-2b2cec9fdca0,610596b4-9d99-4380-8b15-29c8fdef825a,ingredientRun_to_conditionTemplate
f1a130bf-c7a7-4f9d-817c-2b2cec9fdca0,e7b5be2c-249f-42d3-8c4f-d1492f5e80bd,ingredientRun_to_parameterTemplate
f1a130bf-c7a7-4f9d-817c-2b2cec9fdca0,fccb4824-faa3-4938-a171-16e60fd5ed60,ingredientRun_to_parameterTemplate
f1a130bf-c7a7-4f9d-817c-2b2cec9fdca0,751db898-da2d-424d-abd2-6cea11fda42d,ingredientRun_to_parameterTemplate
f1a130bf-c7a7-4f9d-817c-2b2cec9fdca0,3a1fd515-0c72-4a95-ae61-ae5e9423fe0d,ingredientRun_to_parameterTemplate
ef2c6b11-8d23-42c4-9715-a192680552fb,5d09b7f6-a320-4ac1-8af0-622f191aa230,ingredientRun_to_conditionTemplate
ef2c6b11-8d23-42c4-9715-a192680552fb,610596b4-9d99-4380-8b15-29c8fdef825a,ingredientRun_to_conditionTemplate
ef2c6b11-8d23-42c4-9715-a192680552fb,e7b5be2c-249f-42d3-8c4f-d1492f5e80bd,ingredientRun_to_parameterTemplate
ef2c6b11-8d23-42c4-9715-a192680552fb,fccb4824-faa3-4938-a171-16e60fd5ed60,ingredientRun_to_parameterTemplate
ef2c6b11-8d23-42c4-9715-a192680552fb,751db898-da2d-424d-abd2-6cea11fda42d,ingredientRun_to_parameterTemplate
ef2c6b11-8d23-42c4-9715-a192680552fb,3a1fd515-0c72-4a95-ae61-ae5e9423fe0d,ingredientRun_to_parameterTemplate
3db0f2e6-bdb8-4ce7-9970-0588aaf9f1b4,5d09b7f6-a320-4ac1-8af0-622f191aa230,ingredientRun_to_conditionTemplate
3db0f2e6-bdb8-4ce7-9970-0588aaf9f1b4,610596b4-9d99-4380-8b15-29c8fdef825a,ingredientRun_to_conditionTemplate
3db0f2e6-bdb8-4ce7-9970-0588aaf9f1b4,e7b5be2c-249f-42d3-8c4f-d1492f5e80bd,ingredientRun_to_parameterTemplate
3db0f2e6-bdb8-4ce7-9970-0588aaf9f1b4,fccb4824-faa3-4938-a171-16e60fd5ed60,ingredientRun_to_parameterTemplate
3db0f2e6-bdb8-4ce7-9970-0588aaf9f1b4,751db898-da2d-424d-abd2-6cea11fda42d,ingredientRun_to_parameterTemplate
3db0f2e6-bdb8-4ce7-9970-0588aaf9f1b4,3a1fd515-0c72-4a95-ae61-ae5e9423fe0d,ingredientRun_to_parameterTemplate
a6755f37-5e0d-442c-9b0d-72ca931558ab,5d09b7f6-a320-4ac1-8af0-622f191aa230,ingredientRun_to_conditionTemplate
a6755f37-5e0d-442c-9b0d-72ca931558ab,610596b4-9d99-4380-8b15-29c8fdef825a,ingredientRun_to_conditionTemplate
a6755f37-5e0d-442c-9b0d-72ca931558ab,e7b5be2c-249f-42d3-8c4f-d1492f5e80bd,ingredientRun_to_parameterTemplate
a6755f37-5e0d-442c-9b0d-72ca931558ab,fccb4824-faa3-4938-a171-16e60fd5ed60,ingredientRun_to_parameterTemplate
a6755f37-5e0d-442c-9b0d-72ca931558ab,751db898-da2d-424d-abd2-6cea11fda42d,ingredientRun_to_parameterTemplate
a6755f37-5e0d-442c-9b0d-72ca931558ab,3a1fd515-0c72-4a95-ae61-ae5e9423fe0d,ingredientRun_to_parameterTemplate
categorical_bounds 2,e005b47b-344c-49b4-aa73-8204c2744452,category_to_processRun
categorical_bounds 1,e005b47b-344c-49b4-aa73-8204c2744452,category_to_processRun
categorical_bounds 0,e005b47b-344c-49b4-aa73-8204c2744452,category_to_processRun
categorical_bounds 2,e005b47b-344c-49b4-aa73-8204c2744452,category_to_processRun
categorical_bounds 1,e005b47b-344c-49b4-aa73-8204c2744452,category_to_processRun
categorical_bounds 0,e005b47b-344c-49b4-aa73-8204c2744452,category_to_processRun
categorical_bounds 2,e005b47b-344c-49b4-aa73-8204c2744452,category_to_processRun
categorical_bounds 1,e005b47b-344c-49b4-aa73-8204c2744452,category_to_processRun
categorical_bounds 0,e005b47b-344c-49b4-aa73-8204c2744452,category_to_processRun
categorical_bounds 63,e005b47b-344c-49b4-aa73-8204c2744452,category_to_processRun
categorical_bounds 63,e005b47b-344c-49b4-aa73-8204c2744452,category_to_processRun
categorical_bounds 63,e005b47b-344c-49b4-aa73-8204c2744452,category_to_processRun
categorical_bounds 63,e005b47b-344c-49b4-aa73-8204c2744452,category_to_processRun
02182e0c-949d-4124-99e0-d7af0c5c81c7,2ca38513-ff12-4b1c-8873-902e5de6313b,processRun_to_materialRun
e005b47b-344c-49b4-aa73-8204c2744452,11a472ff-f157-4004-b94c-b29adab2289b,processRun_to_materialRun
b9064169-22ce-4521-a0d8-44db203df6f1,d56beb7d-1362-4f15-adf0-7b85b06e6a6f,processRun_to_materialRun
72a71e69-602f-4490-94c3-67f7c8bbdd98,bf301c41-3e99-4348-ba3e-e7b4e5d361a7,processRun_to_materialRun
41349506-1658-4fc8-98b8-eff23fdd855e,47ada67e-063f-4aee-a2dc-872cf9575a4c,processRun_to_materialRun
8935fdc2-2dd9-41b7-8bb3-dcf16ad4daa2,56cfcf29-1953-49bb-8847-8cf28236a2d2,processRun_to_materialRun
12af9ebc-b68a-4f6d-b5fb-f7c77a453a49,639ac0c1-ebf1-4a7c-a89b-8a321b63d7ee,processRun_to_materialRun
1150ee57-1fb8-4846-a604-c440bc90126d,e1640425-7f94-4d88-96c6-b36f8d1bea73,measurementTemplate_to_measurementSpec
01a8bdd2-1f17-465e-a5f0-35fd2648ddf2,3b36492e-ca8c-433d-a6fc-3b0ccb5aaaff,measurementTemplate_to_measurementSpec
e1640425-7f94-4d88-96c6-b36f8d1bea73,47496766-9011-4758-ace3-f30aad16f0a5,measurementSpec_to_measurementRun
3b36492e-ca8c-433d-a6fc-3b0ccb5aaaff,550a121e-3a23-4ea8-a26c-defdd16e5393,measurementSpec_to_measurementRun
47496766-9011-4758-ace3-f30aad16f0a5,bf301c41-3e99-4348-ba3e-e7b4e5d361a7,measurementRun_to_materialRun
550a121e-3a23-4ea8-a26c-defdd16e5393,bf301c41-3e99-4348-ba3e-e7b4e5d361a7,measurementRun_to_materialRun
